Flair,Month,Count
recently laid off,2023-12,10
recently laid off,2024-01,65
recently laid off,2024-02,102
recently laid off,2024-03,72
recently laid off,2024-04,64
recently laid off,2024-05,87
recently laid off,2024-06,73
recently laid off,2024-07,61
recently laid off,2024-08,93
recently laid off,2024-09,117
recently laid off,2024-10,143
recently laid off,2024-11,119
recently laid off,2024-12,119
recently laid off,2025-01,126
recently laid off,2025-02,149
recently laid off,2025-03,1420
recently laid off,2025-04,858
recently laid off,2025-05,2
job hunting,2023-12,6
job hunting,2024-01,43
job hunting,2024-02,47
job hunting,2024-03,63
job hunting,2024-04,52
job hunting,2024-05,65
job hunting,2024-06,56
job hunting,2024-07,84
job hunting,2024-08,91
job hunting,2024-09,87
job hunting,2024-10,63
job hunting,2024-11,56
job hunting,2024-12,50
job hunting,2025-01,61
job hunting,2025-02,57
job hunting,2025-03,87
job hunting,2025-04,69
about to be laid off,2023-12,3
about to be laid off,2024-01,21
about to be laid off,2024-02,23
about to be laid off,2024-03,19
about to be laid off,2024-04,16
about to be laid off,2024-05,15
about to be laid off,2024-06,11
about to be laid off,2024-07,14
about to be laid off,2024-08,22
about to be laid off,2024-09,15
about to be laid off,2024-10,17
about to be laid off,2024-11,11
about to be laid off,2024-12,12
about to be laid off,2025-01,17
about to be laid off,2025-02,26
about to be laid off,2025-03,28
about to be laid off,2025-04,20
previously laid off,2023-12,2
previously laid off,2024-01,27
previously laid off,2024-02,33
previously laid off,2024-03,22
previously laid off,2024-04,32
previously laid off,2024-05,29
previously laid off,2024-06,36
previously laid off,2024-07,31
previously laid off,2024-08,45
previously laid off,2024-09,40
previously laid off,2024-10,38
previously laid off,2024-11,31
previously laid off,2024-12,39
previously laid off,2025-01,49
previously laid off,2025-02,53
previously laid off,2025-03,44
previously laid off,2025-04,37
